1032,multiplication,524288,1000
1032,multiplication,524288,1000
1032,multiplication,524288,1000
1032,multiplication,524288,1000
1032,multiplication,524288,1000
1032,multiplication,524288,1000
1032,multiplication,524288,1000
1032,multiplication,524288,1000
1032,multiplication,524288,1000
1032,multiplication,524288,1000
1032,multiplication,524288,1000
1032,multiplication,524288,1000
1032,multiplication,524288,1000
1032,multiplication,524288,1000
1032,multiplication,524288,1000
1032,multiplication,524288,1000
1032,multiplication,524288,1000
1032,multiplication,524288,1000
1032,multiplication,524288,1000
1032,multiplication,524288,1000
1032,multiplication,524288,1000
1032,multiplication,524288,1000
1032,multiplication,524288,1000
1032,multiplication,524288,1000
1032,multiplication,524288,1000
1032,multiplication,524288,1000
1032,multiplication,524288,1000
1032,multiplication,524288,1000
1032,multiplication,524288,1000
1032,multiplication,524288,1000
1032,multiplication,524288,1000
1032,multiplication,524288,1000
1032,multiplication,524288,1000
1032,multiplication,524288,1000
1032,multiplication,524288,1000
1032,multiplication,524288,1000
1032,multiplication,524288,1000
1032,multiplication,524288,1000
1032,multiplication,524288,1000
1032,multiplication,524288,1000
1032,multiplication,524288,1000
1032,multiplication,524288,1000
1032,multiplication,524288,1000
1032,multiplication,524288,1000
1032,multiplication,524288,1000
1032,multiplication,524288,1000
1032,multiplication,524288,1000
1032,multiplication,524288,1000
1032,multiplication,524288,1000
1032,multiplication,524288,1000
1032,multiplication,524288,1000
1032,multiplication,524288,1000
1032,multiplication,524288,1000
1032,multiplication,524288,1000
1032,multiplication,524288,1000
1032,multiplication,524288,1000
1032,multiplication,524288,1000
1032,multiplication,524288,1000
1032,multiplication,524288,1000
1032,multiplication,524288,1000
1032,multiplication,524288,1000
1032,multiplication,524288,1000
1032,multiplication,524288,1000
1032,multiplication,524288,1000
1032,multiplication,524288,1000
1032,multiplication,524288,1000
1032,multiplication,524288,1000
1032,multiplication,524288,1000
1032,multiplication,524288,1000
1032,multiplication,524288,1000
1032,multiplication,524288,1000
1032,multiplication,524288,1000
1032,multiplication,524288,1000
1032,multiplication,524288,1000
1032,multiplication,524288,1000
161280008,filtering,1128960000,1000
161280008,filtering,1128960000,1000
161280008,filtering,1128960000,1000
161280008,filtering,1128960000,1000
161280008,filtering,1128960000,1000
161280008,filtering,1128960000,1000
161280008,filtering,1128960000,1000
161280008,filtering,1128960000,1000
161280008,filtering,1128960000,1000
161280008,filtering,1128960000,1000
161280008,filtering,1128960000,1000
161280008,filtering,1128960000,1000
161280008,filtering,1128960000,1000
161280008,filtering,1128960000,1000
161280008,filtering,1128960000,1000
161280008,filtering,1128960000,1000
161280008,filtering,1128960000,1000
161280008,filtering,1128960000,1000
161280008,filtering,1128960000,1000
161280008,filtering,1128960000,1000
161280008,filtering,1128960000,1000
161280008,filtering,1128960000,1000
161280008,filtering,1128960000,1000
161280008,filtering,1128960000,1000
161280008,filtering,1128960000,1000
161280008,filtering,1128960000,1000
161280008,filtering,1128960000,1000
161280008,filtering,1128960000,1000
161280008,filtering,1128960000,1000
161280008,filtering,1128960000,1000
161280008,filtering,1128960000,1000
161280008,filtering,1128960000,1000
161280008,filtering,1128960000,1000
161280008,filtering,1128960000,1000
161280008,filtering,1128960000,1000
1032,multiplication,524288,1000
1032,multiplication,524288,1000
1032,multiplication,524288,1000
1032,multiplication,524288,1000
1032,multiplication,524288,1000
1032,multiplication,524288,1000
1032,multiplication,524288,1000
1032,multiplication,524288,1000
1032,multiplication,524288,1000
1032,multiplication,524288,1000
1032,multiplication,524288,1000
1032,multiplication,524288,1000
1032,multiplication,524288,1000
1032,multiplication,524288,1000
1032,multiplication,524288,1000
1032,multiplication,524288,1000
1032,multiplication,524288,1000
1032,multiplication,524288,1000
1032,multiplication,524288,1000
1032,multiplication,524288,1000
1032,multiplication,524288,1000
1032,multiplication,524288,1000
1032,multiplication,524288,1000
1032,multiplication,524288,1000
1032,multiplication,524288,1000
161280008,filtering,1128960000,1000
161280008,filtering,1128960000,1000
161280008,filtering,1128960000,1000
161280008,filtering,1128960000,1000
161280008,filtering,1128960000,1000
161280008,filtering,1128960000,1000
161280008,filtering,1128960000,1000
161280008,filtering,1128960000,1000
161280008,filtering,1128960000,1000
161280008,filtering,1128960000,1000
296,inverse_matrix,504,1000
296,inverse_matrix,504,1000
296,inverse_matrix,504,1000
296,inverse_matrix,504,1000
296,inverse_matrix,504,1000
296,inverse_matrix,504,1000
296,inverse_matrix,504,1000
296,inverse_matrix,504,1000
296,inverse_matrix,504,1000
296,inverse_matrix,504,1000
10088,ml_training,39232,1000
10088,ml_training,39232,1000
10088,ml_training,39232,1000
10088,ml_training,39232,1000
10088,ml_training,39232,1000
10088,ml_training,39232,1000
10088,ml_training,39232,1000
10088,ml_training,39232,1000
10088,ml_training,39232,1000
10088,ml_training,39232,1000
10088,ml_training,39232,1000
10088,ml_training,39232,1000
10088,ml_training,39232,1000
10088,ml_training,39232,1000
10088,ml_training,39232,1000
10088,ml_training,39232,1000
10088,ml_training,39232,1000
10088,ml_training,39232,1000
10088,ml_training,39232,1000
10088,ml_training,39232,1000
10088,ml_training,39232,1000
10088,ml_training,39232,1000
10088,ml_training,39232,1000
10088,ml_training,39232,1000
10088,ml_training,39232,1000
10088,ml_training,39232,1000
10088,ml_training,39232,1000
10088,ml_training,39232,1000
10088,ml_training,39232,1000
10088,ml_training,39232,1000
10088,ml_training,39232,1000
10088,ml_training,39232,1000
10088,ml_training,39232,1000
10088,ml_training,39232,1000
10088,ml_training,39232,1000
10088,ml_training,39232,1000
10088,ml_training,39232,1000
10088,ml_training,39232,1000
10088,ml_training,39232,1000
10088,ml_training,39232,1000
10088,ml_training,39232,1000
10088,ml_training,39232,1000
10088,ml_training,39232,1000
10088,ml_training,39232,1000
10088,ml_training,39232,1000
10088,ml_training,39232,1000
10088,ml_training,39232,1000
10088,ml_training,39232,1000
10088,ml_training,39232,1000
10088,ml_training,39232,1000
10088,ml_training,39232,1000
10088,ml_training,39232,1000
10088,ml_training,39232,1000
10088,ml_training,39232,1000
10088,ml_training,39232,1000
10088,ml_training,39232,1000
10088,ml_training,39232,1000
10088,ml_training,39232,1000
10088,ml_training,39232,1000
10088,ml_training,39232,1000
10088,ml_training,39232,1000
10088,ml_training,39232,1000
10088,ml_training,39232,1000
10088,ml_training,39232,1000
10088,ml_training,39232,1000
10088,ml_training,39232,1000
10088,ml_training,39232,1000
10088,ml_training,39232,1000
10088,ml_training,39232,1000
10088,ml_training,39232,1000
10088,ml_training,39232,1000
10088,ml_training,39232,1000
10088,ml_training,39232,1000
10088,ml_training,39232,1000
10088,ml_training,39232,1000
10088,ml_training,39232,1000
10088,ml_training,39232,1000
10088,ml_training,39232,1000
10088,ml_training,39232,1000
10088,ml_training,39232,1000
10088,ml_training,39232,1000
10088,ml_training,39232,1000
10088,ml_training,39232,1000
10088,ml_training,39232,1000
10088,ml_training,39232,1000
161280008,filtering,1128960000,1000
161280008,filtering,1128960000,1000
161280008,filtering,1128960000,1000
161280008,filtering,1128960000,1000
161280008,filtering,1128960000,1000
161280008,filtering,1128960000,1000
161280008,filtering,1128960000,1000
161280008,filtering,1128960000,1000
161280008,filtering,1128960000,1000
161280008,filtering,1128960000,1000
161280008,filtering,1128960000,1000
161280008,filtering,1128960000,1000
161280008,filtering,1128960000,1000
161280008,filtering,1128960000,1000
161280008,filtering,1128960000,1000
161280008,filtering,1128960000,1000
161280008,filtering,1128960000,1000
161280008,filtering,1128960000,1000
161280008,filtering,1128960000,1000
161280008,filtering,1128960000,1000
161280008,filtering,1128960000,1000
161280008,filtering,1128960000,1000
161280008,filtering,1128960000,1000
161280008,filtering,1128960000,1000
161280008,filtering,1128960000,1000
161280008,filtering,1128960000,1000
161280008,filtering,1128960000,1000
161280008,filtering,1128960000,1000
161280008,filtering,1128960000,1000
161280008,filtering,1128960000,1000
161280008,filtering,1128960000,1000
161280008,filtering,1128960000,1000
161280008,filtering,1128960000,1000
161280008,filtering,1128960000,1000
161280008,filtering,1128960000,1000
161280008,filtering,1128960000,1000
161280008,filtering,1128960000,1000
161280008,filtering,1128960000,1000
161280008,filtering,1128960000,1000
161280008,filtering,1128960000,1000
161280008,filtering,1128960000,1000
161280008,filtering,1128960000,1000
161280008,filtering,1128960000,1000
161280008,filtering,1128960000,1000
161280008,filtering,1128960000,1000
161280008,filtering,1128960000,1000
161280008,filtering,1128960000,1000
161280008,filtering,1128960000,1000
161280008,filtering,1128960000,1000
161280008,filtering,1128960000,1000
161280008,filtering,1128960000,1000
161280008,filtering,1128960000,1000
161280008,filtering,1128960000,1000
161280008,filtering,1128960000,1000
161280008,filtering,1128960000,1000
161280008,filtering,1128960000,1000
161280008,filtering,1128960000,1000
161280008,filtering,1128960000,1000
161280008,filtering,1128960000,1000
161280008,filtering,1128960000,1000
161280008,filtering,1128960000,1000
161280008,filtering,1128960000,1000
161280008,filtering,1128960000,1000
161280008,filtering,1128960000,1000
161280008,filtering,1128960000,1000
161280008,filtering,1128960000,1000
161280008,filtering,1128960000,1000
161280008,filtering,1128960000,1000
161280008,filtering,1128960000,1000
161280008,filtering,1128960000,1000
161280008,filtering,1128960000,1000
161280008,filtering,1128960000,1000
161280008,filtering,1128960000,1000
161280008,filtering,1128960000,1000
161280008,filtering,1128960000,1000
161280008,filtering,1128960000,1000
161280008,filtering,1128960000,1000
161280008,filtering,1128960000,1000
161280008,filtering,1128960000,1000
161280008,filtering,1128960000,1000
161280008,filtering,1128960000,1000
161280008,filtering,1128960000,1000
161280008,filtering,1128960000,1000
161280008,filtering,1128960000,1000
161280008,filtering,1128960000,1000
161280008,filtering,1128960000,1000
161280008,filtering,1128960000,1000
161280008,filtering,1128960000,1000
161280008,filtering,1128960000,1000
161280008,filtering,1128960000,1000
161280008,filtering,1128960000,1000
161280008,filtering,1128960000,1000
161280008,filtering,1128960000,1000
161280008,filtering,1128960000,1000
161280008,filtering,1128960000,1000
161280008,filtering,1128960000,1000
161280008,filtering,1128960000,1000
161280008,filtering,1128960000,1000
161280008,filtering,1128960000,1000
161280008,filtering,1128960000,1000
161280008,filtering,1128960000,1000
161280008,filtering,1128960000,1000
161280008,filtering,1128960000,1000
161280008,filtering,1128960000,1000
161280008,filtering,1128960000,1000
161280008,filtering,1128960000,1000
161280008,filtering,1128960000,1000
161280008,filtering,1128960000,1000
161280008,filtering,1128960000,1000
161280008,filtering,1128960000,1000
161280008,filtering,1128960000,1000
161280008,filtering,1128960000,1000
161280008,filtering,1128960000,1000
161280008,filtering,1128960000,1000
161280008,filtering,1128960000,1000
161280008,filtering,1128960000,1000
161280008,filtering,1128960000,1000
161280008,filtering,1128960000,1000
161280008,filtering,1128960000,1000
161280008,filtering,1128960000,1000
161280008,filtering,1128960000,1000
161280008,filtering,1128960000,1000
161280008,filtering,1128960000,1000
161280008,filtering,1128960000,1000
161280008,filtering,1128960000,1000
161280008,filtering,1128960000,1000
161280008,filtering,1128960000,1000
161280008,filtering,1128960000,1000
161280008,filtering,1128960000,1000
161280008,filtering,1128960000,1000
161280008,filtering,1128960000,1000
161280008,filtering,1128960000,1000
161280008,filtering,1128960000,1000
161280008,filtering,1128960000,1000
161280008,filtering,1128960000,1000
161280008,filtering,1128960000,1000
161280008,filtering,1128960000,1000
161280008,filtering,1128960000,1000
161280008,filtering,1128960000,1000
161280008,filtering,1128960000,1000
161280008,filtering,1128960000,1000
161280008,filtering,1128960000,1000
161280008,filtering,1128960000,1000
161280008,filtering,1128960000,1000
161280008,filtering,1128960000,1000
161280008,filtering,1128960000,1000
161280008,filtering,1128960000,1000
161280008,filtering,1128960000,1000
161280008,filtering,1128960000,1000
161280008,filtering,1128960000,1000
161280008,filtering,1128960000,1000
161280008,filtering,1128960000,1000
161280008,filtering,1128960000,1000
161280008,filtering,1128960000,1000
161280008,filtering,1128960000,1000
161280008,filtering,1128960000,1000
161280008,filtering,1128960000,1000
161280008,filtering,1128960000,1000
161280008,filtering,1128960000,1000
161280008,filtering,1128960000,1000
161280008,filtering,1128960000,1000
161280008,filtering,1128960000,1000
161280008,filtering,1128960000,1000
161280008,filtering,1128960000,1000
161280008,filtering,1128960000,1000
161280008,filtering,1128960000,1000
161280008,filtering,1128960000,1000
161280008,filtering,1128960000,1000
161280008,filtering,1128960000,1000
161280008,filtering,1128960000,1000
161280008,filtering,1128960000,1000
161280008,filtering,1128960000,1000
161280008,filtering,1128960000,1000
161280008,filtering,1128960000,1000
161280008,filtering,1128960000,1000
161280008,filtering,1128960000,1000
161280008,filtering,1128960000,1000
161280008,filtering,1128960000,1000
161280008,filtering,1128960000,1000
161280008,filtering,1128960000,1000
1032,multiplication,524288,1000
1032,multiplication,524288,1000
1032,multiplication,524288,1000
1032,multiplication,524288,1000
1032,multiplication,524288,1000
1032,multiplication,524288,1000
1032,multiplication,524288,1000
1032,multiplication,524288,1000
1032,multiplication,524288,1000
1032,multiplication,524288,1000
1032,multiplication,524288,1000
1032,multiplication,524288,1000
1032,multiplication,524288,1000
1032,multiplication,524288,1000
1032,multiplication,524288,1000
1032,multiplication,524288,1000
1032,multiplication,524288,1000
1032,multiplication,524288,1000
1032,multiplication,524288,1000
1032,multiplication,524288,1000
1032,multiplication,524288,1000
1032,multiplication,524288,1000
1032,multiplication,524288,1000
1032,multiplication,524288,1000
1032,multiplication,524288,1000
161280008,filtering,1128960000,1000
161280008,filtering,1128960000,1000
161280008,filtering,1128960000,1000
161280008,filtering,1128960000,1000
161280008,filtering,1128960000,1000
161280008,filtering,1128960000,1000
161280008,filtering,1128960000,1000
161280008,filtering,1128960000,1000
161280008,filtering,1128960000,1000
161280008,filtering,1128960000,1000
296,inverse_matrix,504,1000
296,inverse_matrix,504,1000
296,inverse_matrix,504,1000
296,inverse_matrix,504,1000
296,inverse_matrix,504,1000
296,inverse_matrix,504,1000
296,inverse_matrix,504,1000
296,inverse_matrix,504,1000
296,inverse_matrix,504,1000
296,inverse_matrix,504,1000
10088,ml_training,39232,1000
10088,ml_training,39232,1000
10088,ml_training,39232,1000
10088,ml_training,39232,1000
10088,ml_training,39232,1000
10088,ml_training,39232,1000
10088,ml_training,39232,1000
10088,ml_training,39232,1000
10088,ml_training,39232,1000
10088,ml_training,39232,1000
10088,ml_training,39232,1000
10088,ml_training,39232,1000
10088,ml_training,39232,1000
10088,ml_training,39232,1000
10088,ml_training,39232,1000
10088,ml_training,39232,1000
10088,ml_training,39232,1000
10088,ml_training,39232,1000
10088,ml_training,39232,1000
10088,ml_training,39232,1000
10088,ml_training,39232,1000
10088,ml_training,39232,1000
10088,ml_training,39232,1000
10088,ml_training,39232,1000
10088,ml_training,39232,1000
10088,ml_training,39232,1000
10088,ml_training,39232,1000
10088,ml_training,39232,1000
10088,ml_training,39232,1000
10088,ml_training,39232,1000
10088,ml_training,39232,1000
10088,ml_training,39232,1000
10088,ml_training,39232,1000
10088,ml_training,39232,1000
10088,ml_training,39232,1000
10088,ml_training,39232,1000
10088,ml_training,39232,1000
10088,ml_training,39232,1000
10088,ml_training,39232,1000
10088,ml_training,39232,1000
10088,ml_training,39232,1000
10088,ml_training,39232,1000
10088,ml_training,39232,1000
10088,ml_training,39232,1000
10088,ml_training,39232,1000
10088,ml_training,39232,1000
10088,ml_training,39232,1000
10088,ml_training,39232,1000
10088,ml_training,39232,1000
10088,ml_training,39232,1000
10088,ml_training,39232,1000
10088,ml_training,39232,1000
10088,ml_training,39232,1000
10088,ml_training,39232,1000
10088,ml_training,39232,1000
10088,ml_training,39232,1000
10088,ml_training,39232,1000
10088,ml_training,39232,1000
10088,ml_training,39232,1000
10088,ml_training,39232,1000
10088,ml_training,39232,1000
10088,ml_training,39232,1000
10088,ml_training,39232,1000
10088,ml_training,39232,1000
10088,ml_training,39232,1000
10088,ml_training,39232,1000
10088,ml_training,39232,1000
10088,ml_training,39232,1000
10088,ml_training,39232,1000
10088,ml_training,39232,1000
10088,ml_training,39232,1000
10088,ml_training,39232,1000
10088,ml_training,39232,1000
10088,ml_training,39232,1000
10088,ml_training,39232,1000
10088,ml_training,39232,1000
10088,ml_training,39232,1000
10088,ml_training,39232,1000
10088,ml_training,39232,1000
10088,ml_training,39232,1000
10088,ml_training,39232,1000
10088,ml_training,39232,1000
10088,ml_training,39232,1000
10088,ml_training,39232,1000
10088,ml_training,39232,1000
1032,multiplication,524288,1000
1032,multiplication,524288,1000
1032,multiplication,524288,1000
1032,multiplication,524288,1000
1032,multiplication,524288,1000
1032,multiplication,524288,1000
1032,multiplication,524288,1000
1032,multiplication,524288,1000
1032,multiplication,524288,1000
1032,multiplication,524288,1000
1032,multiplication,524288,1000
1032,multiplication,524288,1000
1032,multiplication,524288,1000
1032,multiplication,524288,1000
1032,multiplication,524288,1000
1032,multiplication,524288,1000
1032,multiplication,524288,1000
1032,multiplication,524288,1000
1032,multiplication,524288,1000
1032,multiplication,524288,1000
1032,multiplication,524288,1000
1032,multiplication,524288,1000
1032,multiplication,524288,1000
1032,multiplication,524288,1000
1032,multiplication,524288,1000
1032,multiplication,524288,1000
1032,multiplication,524288,1000
1032,multiplication,524288,1000
1032,multiplication,524288,1000
1032,multiplication,524288,1000
1032,multiplication,524288,1000
1032,multiplication,524288,1000
1032,multiplication,524288,1000
1032,multiplication,524288,1000
1032,multiplication,524288,1000
1032,multiplication,524288,1000
1032,multiplication,524288,1000
1032,multiplication,524288,1000
1032,multiplication,524288,1000
1032,multiplication,524288,1000
1032,multiplication,524288,1000
1032,multiplication,524288,1000
1032,multiplication,524288,1000
1032,multiplication,524288,1000
1032,multiplication,524288,1000
1032,multiplication,524288,1000
1032,multiplication,524288,1000
1032,multiplication,524288,1000
1032,multiplication,524288,1000
1032,multiplication,524288,1000
1032,multiplication,524288,1000
1032,multiplication,524288,1000
1032,multiplication,524288,1000
1032,multiplication,524288,1000
1032,multiplication,524288,1000
1032,multiplication,524288,1000
1032,multiplication,524288,1000
1032,multiplication,524288,1000
1032,multiplication,524288,1000
1032,multiplication,524288,1000
1032,multiplication,524288,1000
1032,multiplication,524288,1000
1032,multiplication,524288,1000
1032,multiplication,524288,1000
1032,multiplication,524288,1000
1032,multiplication,524288,1000
1032,multiplication,524288,1000
1032,multiplication,524288,1000
1032,multiplication,524288,1000
1032,multiplication,524288,1000
1032,multiplication,524288,1000
1032,multiplication,524288,1000
1032,multiplication,524288,1000
1032,multiplication,524288,1000
1032,multiplication,524288,1000
161280008,filtering,1128960000,1000
161280008,filtering,1128960000,1000
161280008,filtering,1128960000,1000
161280008,filtering,1128960000,1000
161280008,filtering,1128960000,1000
161280008,filtering,1128960000,1000
161280008,filtering,1128960000,1000
161280008,filtering,1128960000,1000
161280008,filtering,1128960000,1000
161280008,filtering,1128960000,1000
161280008,filtering,1128960000,1000
161280008,filtering,1128960000,1000
161280008,filtering,1128960000,1000
161280008,filtering,1128960000,1000
161280008,filtering,1128960000,1000
161280008,filtering,1128960000,1000
161280008,filtering,1128960000,1000
161280008,filtering,1128960000,1000
161280008,filtering,1128960000,1000
161280008,filtering,1128960000,1000
161280008,filtering,1128960000,1000
161280008,filtering,1128960000,1000
161280008,filtering,1128960000,1000
161280008,filtering,1128960000,1000
161280008,filtering,1128960000,1000
161280008,filtering,1128960000,1000
161280008,filtering,1128960000,1000
161280008,filtering,1128960000,1000
161280008,filtering,1128960000,1000
161280008,filtering,1128960000,1000
161280008,filtering,1128960000,1000
161280008,filtering,1128960000,1000
161280008,filtering,1128960000,1000
161280008,filtering,1128960000,1000
161280008,filtering,1128960000,1000
1032,multiplication,524288,1000
1032,multiplication,524288,1000
1032,multiplication,524288,1000
1032,multiplication,524288,1000
1032,multiplication,524288,1000
1032,multiplication,524288,1000
1032,multiplication,524288,1000
1032,multiplication,524288,1000
1032,multiplication,524288,1000
1032,multiplication,524288,1000
1032,multiplication,524288,1000
1032,multiplication,524288,1000
1032,multiplication,524288,1000
1032,multiplication,524288,1000
1032,multiplication,524288,1000
1032,multiplication,524288,1000
1032,multiplication,524288,1000
1032,multiplication,524288,1000
1032,multiplication,524288,1000
1032,multiplication,524288,1000
1032,multiplication,524288,1000
1032,multiplication,524288,1000
1032,multiplication,524288,1000
1032,multiplication,524288,1000
1032,multiplication,524288,1000
161280008,filtering,1128960000,1000
161280008,filtering,1128960000,1000
161280008,filtering,1128960000,1000
161280008,filtering,1128960000,1000
161280008,filtering,1128960000,1000
161280008,filtering,1128960000,1000
161280008,filtering,1128960000,1000
161280008,filtering,1128960000,1000
161280008,filtering,1128960000,1000
161280008,filtering,1128960000,1000
296,inverse_matrix,504,1000
296,inverse_matrix,504,1000
296,inverse_matrix,504,1000
296,inverse_matrix,504,1000
296,inverse_matrix,504,1000
296,inverse_matrix,504,1000
296,inverse_matrix,504,1000
296,inverse_matrix,504,1000
296,inverse_matrix,504,1000
296,inverse_matrix,504,1000
10088,ml_training,39232,1000
10088,ml_training,39232,1000
10088,ml_training,39232,1000
10088,ml_training,39232,1000
10088,ml_training,39232,1000
10088,ml_training,39232,1000
10088,ml_training,39232,1000
10088,ml_training,39232,1000
10088,ml_training,39232,1000
10088,ml_training,39232,1000
10088,ml_training,39232,1000
10088,ml_training,39232,1000
10088,ml_training,39232,1000
10088,ml_training,39232,1000
10088,ml_training,39232,1000
10088,ml_training,39232,1000
10088,ml_training,39232,1000
10088,ml_training,39232,1000
10088,ml_training,39232,1000
10088,ml_training,39232,1000
10088,ml_training,39232,1000
10088,ml_training,39232,1000
10088,ml_training,39232,1000
10088,ml_training,39232,1000
10088,ml_training,39232,1000
10088,ml_training,39232,1000
10088,ml_training,39232,1000
10088,ml_training,39232,1000
10088,ml_training,39232,1000
10088,ml_training,39232,1000
10088,ml_training,39232,1000
10088,ml_training,39232,1000
10088,ml_training,39232,1000
10088,ml_training,39232,1000
10088,ml_training,39232,1000
10088,ml_training,39232,1000
10088,ml_training,39232,1000
10088,ml_training,39232,1000
10088,ml_training,39232,1000
10088,ml_training,39232,1000
10088,ml_training,39232,1000
10088,ml_training,39232,1000
10088,ml_training,39232,1000
10088,ml_training,39232,1000
10088,ml_training,39232,1000
10088,ml_training,39232,1000
10088,ml_training,39232,1000
10088,ml_training,39232,1000
10088,ml_training,39232,1000
10088,ml_training,39232,1000
10088,ml_training,39232,1000
10088,ml_training,39232,1000
10088,ml_training,39232,1000
10088,ml_training,39232,1000
10088,ml_training,39232,1000
10088,ml_training,39232,1000
10088,ml_training,39232,1000
10088,ml_training,39232,1000
10088,ml_training,39232,1000
10088,ml_training,39232,1000
10088,ml_training,39232,1000
10088,ml_training,39232,1000
10088,ml_training,39232,1000
10088,ml_training,39232,1000
10088,ml_training,39232,1000
10088,ml_training,39232,1000
10088,ml_training,39232,1000
10088,ml_training,39232,1000
10088,ml_training,39232,1000
10088,ml_training,39232,1000
10088,ml_training,39232,1000
10088,ml_training,39232,1000
10088,ml_training,39232,1000
10088,ml_training,39232,1000
10088,ml_training,39232,1000
10088,ml_training,39232,1000
10088,ml_training,39232,1000
10088,ml_training,39232,1000
10088,ml_training,39232,1000
10088,ml_training,39232,1000
10088,ml_training,39232,1000
10088,ml_training,39232,1000
10088,ml_training,39232,1000
10088,ml_training,39232,1000
10088,ml_training,39232,1000
161280008,filtering,1128960000,1000
161280008,filtering,1128960000,1000
161280008,filtering,1128960000,1000
161280008,filtering,1128960000,1000
161280008,filtering,1128960000,1000
161280008,filtering,1128960000,1000
161280008,filtering,1128960000,1000
161280008,filtering,1128960000,1000
161280008,filtering,1128960000,1000
161280008,filtering,1128960000,1000
161280008,filtering,1128960000,1000
161280008,filtering,1128960000,1000
161280008,filtering,1128960000,1000
161280008,filtering,1128960000,1000
161280008,filtering,1128960000,1000
161280008,filtering,1128960000,1000
161280008,filtering,1128960000,1000
161280008,filtering,1128960000,1000
161280008,filtering,1128960000,1000
161280008,filtering,1128960000,1000
161280008,filtering,1128960000,1000
161280008,filtering,1128960000,1000
161280008,filtering,1128960000,1000
161280008,filtering,1128960000,1000
161280008,filtering,1128960000,1000
161280008,filtering,1128960000,1000
161280008,filtering,1128960000,1000
161280008,filtering,1128960000,1000
161280008,filtering,1128960000,1000
161280008,filtering,1128960000,1000
161280008,filtering,1128960000,1000
161280008,filtering,1128960000,1000
161280008,filtering,1128960000,1000
161280008,filtering,1128960000,1000
161280008,filtering,1128960000,1000
161280008,filtering,1128960000,1000
161280008,filtering,1128960000,1000
161280008,filtering,1128960000,1000
161280008,filtering,1128960000,1000
161280008,filtering,1128960000,1000
161280008,filtering,1128960000,1000
161280008,filtering,1128960000,1000
161280008,filtering,1128960000,1000
161280008,filtering,1128960000,1000
161280008,filtering,1128960000,1000
161280008,filtering,1128960000,1000
161280008,filtering,1128960000,1000
161280008,filtering,1128960000,1000
161280008,filtering,1128960000,1000
161280008,filtering,1128960000,1000
161280008,filtering,1128960000,1000
161280008,filtering,1128960000,1000
161280008,filtering,1128960000,1000
161280008,filtering,1128960000,1000
161280008,filtering,1128960000,1000
161280008,filtering,1128960000,1000
161280008,filtering,1128960000,1000
161280008,filtering,1128960000,1000
161280008,filtering,1128960000,1000
161280008,filtering,1128960000,1000
161280008,filtering,1128960000,1000
161280008,filtering,1128960000,1000
161280008,filtering,1128960000,1000
161280008,filtering,1128960000,1000
161280008,filtering,1128960000,1000
161280008,filtering,1128960000,1000
161280008,filtering,1128960000,1000
161280008,filtering,1128960000,1000
161280008,filtering,1128960000,1000
161280008,filtering,1128960000,1000
161280008,filtering,1128960000,1000
161280008,filtering,1128960000,1000
161280008,filtering,1128960000,1000
161280008,filtering,1128960000,1000
161280008,filtering,1128960000,1000
161280008,filtering,1128960000,1000
161280008,filtering,1128960000,1000
161280008,filtering,1128960000,1000
161280008,filtering,1128960000,1000
161280008,filtering,1128960000,1000
161280008,filtering,1128960000,1000
161280008,filtering,1128960000,1000
161280008,filtering,1128960000,1000
161280008,filtering,1128960000,1000
161280008,filtering,1128960000,1000
161280008,filtering,1128960000,1000
161280008,filtering,1128960000,1000
161280008,filtering,1128960000,1000
161280008,filtering,1128960000,1000
161280008,filtering,1128960000,1000
161280008,filtering,1128960000,1000
161280008,filtering,1128960000,1000
161280008,filtering,1128960000,1000
161280008,filtering,1128960000,1000
161280008,filtering,1128960000,1000
161280008,filtering,1128960000,1000
161280008,filtering,1128960000,1000
161280008,filtering,1128960000,1000
161280008,filtering,1128960000,1000
161280008,filtering,1128960000,1000
161280008,filtering,1128960000,1000
161280008,filtering,1128960000,1000
161280008,filtering,1128960000,1000
161280008,filtering,1128960000,1000
161280008,filtering,1128960000,1000
161280008,filtering,1128960000,1000
161280008,filtering,1128960000,1000
161280008,filtering,1128960000,1000
161280008,filtering,1128960000,1000
161280008,filtering,1128960000,1000
161280008,filtering,1128960000,1000
161280008,filtering,1128960000,1000
161280008,filtering,1128960000,1000
161280008,filtering,1128960000,1000
161280008,filtering,1128960000,1000
161280008,filtering,1128960000,1000
161280008,filtering,1128960000,1000
161280008,filtering,1128960000,1000
161280008,filtering,1128960000,1000
161280008,filtering,1128960000,1000
161280008,filtering,1128960000,1000
161280008,filtering,1128960000,1000
161280008,filtering,1128960000,1000
161280008,filtering,1128960000,1000
161280008,filtering,1128960000,1000
161280008,filtering,1128960000,1000
161280008,filtering,1128960000,1000
161280008,filtering,1128960000,1000
161280008,filtering,1128960000,1000
161280008,filtering,1128960000,1000
161280008,filtering,1128960000,1000
161280008,filtering,1128960000,1000
161280008,filtering,1128960000,1000
161280008,filtering,1128960000,1000
161280008,filtering,1128960000,1000
161280008,filtering,1128960000,1000
161280008,filtering,1128960000,1000
161280008,filtering,1128960000,1000
161280008,filtering,1128960000,1000
161280008,filtering,1128960000,1000
161280008,filtering,1128960000,1000
161280008,filtering,1128960000,1000
161280008,filtering,1128960000,1000
161280008,filtering,1128960000,1000
161280008,filtering,1128960000,1000
161280008,filtering,1128960000,1000
161280008,filtering,1128960000,1000
161280008,filtering,1128960000,1000
161280008,filtering,1128960000,1000
161280008,filtering,1128960000,1000
161280008,filtering,1128960000,1000
161280008,filtering,1128960000,1000
161280008,filtering,1128960000,1000
161280008,filtering,1128960000,1000
161280008,filtering,1128960000,1000
161280008,filtering,1128960000,1000
161280008,filtering,1128960000,1000
161280008,filtering,1128960000,1000
161280008,filtering,1128960000,1000
161280008,filtering,1128960000,1000
161280008,filtering,1128960000,1000
161280008,filtering,1128960000,1000
161280008,filtering,1128960000,1000
161280008,filtering,1128960000,1000
161280008,filtering,1128960000,1000
161280008,filtering,1128960000,1000
161280008,filtering,1128960000,1000
161280008,filtering,1128960000,1000
161280008,filtering,1128960000,1000
161280008,filtering,1128960000,1000
161280008,filtering,1128960000,1000
161280008,filtering,1128960000,1000
161280008,filtering,1128960000,1000
161280008,filtering,1128960000,1000
161280008,filtering,1128960000,1000
161280008,filtering,1128960000,1000
161280008,filtering,1128960000,1000
161280008,filtering,1128960000,1000
161280008,filtering,1128960000,1000
161280008,filtering,1128960000,1000
1032,multiplication,524288,1000
1032,multiplication,524288,1000
1032,multiplication,524288,1000
1032,multiplication,524288,1000
1032,multiplication,524288,1000
1032,multiplication,524288,1000
1032,multiplication,524288,1000
1032,multiplication,524288,1000
1032,multiplication,524288,1000
1032,multiplication,524288,1000
1032,multiplication,524288,1000
1032,multiplication,524288,1000
1032,multiplication,524288,1000
1032,multiplication,524288,1000
1032,multiplication,524288,1000
1032,multiplication,524288,1000
1032,multiplication,524288,1000
1032,multiplication,524288,1000
1032,multiplication,524288,1000
1032,multiplication,524288,1000
1032,multiplication,524288,1000
1032,multiplication,524288,1000
1032,multiplication,524288,1000
1032,multiplication,524288,1000
1032,multiplication,524288,1000
161280008,filtering,1128960000,1000
161280008,filtering,1128960000,1000
161280008,filtering,1128960000,1000
161280008,filtering,1128960000,1000
161280008,filtering,1128960000,1000
161280008,filtering,1128960000,1000
161280008,filtering,1128960000,1000
161280008,filtering,1128960000,1000
161280008,filtering,1128960000,1000
161280008,filtering,1128960000,1000
296,inverse_matrix,504,1000
296,inverse_matrix,504,1000
296,inverse_matrix,504,1000
296,inverse_matrix,504,1000
296,inverse_matrix,504,1000
296,inverse_matrix,504,1000
296,inverse_matrix,504,1000
296,inverse_matrix,504,1000
296,inverse_matrix,504,1000
296,inverse_matrix,504,1000
10088,ml_training,39232,1000
10088,ml_training,39232,1000
10088,ml_training,39232,1000
10088,ml_training,39232,1000
10088,ml_training,39232,1000
10088,ml_training,39232,1000
10088,ml_training,39232,1000
10088,ml_training,39232,1000
10088,ml_training,39232,1000
10088,ml_training,39232,1000
10088,ml_training,39232,1000
10088,ml_training,39232,1000
10088,ml_training,39232,1000
10088,ml_training,39232,1000
10088,ml_training,39232,1000
10088,ml_training,39232,1000
10088,ml_training,39232,1000
10088,ml_training,39232,1000
10088,ml_training,39232,1000
10088,ml_training,39232,1000
10088,ml_training,39232,1000
10088,ml_training,39232,1000
10088,ml_training,39232,1000
10088,ml_training,39232,1000
10088,ml_training,39232,1000
10088,ml_training,39232,1000
10088,ml_training,39232,1000
10088,ml_training,39232,1000
10088,ml_training,39232,1000
10088,ml_training,39232,1000
10088,ml_training,39232,1000
10088,ml_training,39232,1000
10088,ml_training,39232,1000
10088,ml_training,39232,1000
10088,ml_training,39232,1000
10088,ml_training,39232,1000
10088,ml_training,39232,1000
10088,ml_training,39232,1000
10088,ml_training,39232,1000
10088,ml_training,39232,1000
10088,ml_training,39232,1000
10088,ml_training,39232,1000
10088,ml_training,39232,1000
10088,ml_training,39232,1000
10088,ml_training,39232,1000
10088,ml_training,39232,1000
10088,ml_training,39232,1000
10088,ml_training,39232,1000
10088,ml_training,39232,1000
10088,ml_training,39232,1000
10088,ml_training,39232,1000
10088,ml_training,39232,1000
10088,ml_training,39232,1000
10088,ml_training,39232,1000
10088,ml_training,39232,1000
10088,ml_training,39232,1000
10088,ml_training,39232,1000
10088,ml_training,39232,1000
10088,ml_training,39232,1000
10088,ml_training,39232,1000
10088,ml_training,39232,1000
10088,ml_training,39232,1000
10088,ml_training,39232,1000
10088,ml_training,39232,1000
10088,ml_training,39232,1000
10088,ml_training,39232,1000
10088,ml_training,39232,1000
10088,ml_training,39232,1000
10088,ml_training,39232,1000
10088,ml_training,39232,1000
10088,ml_training,39232,1000
10088,ml_training,39232,1000
10088,ml_training,39232,1000
10088,ml_training,39232,1000
10088,ml_training,39232,1000
10088,ml_training,39232,1000
10088,ml_training,39232,1000
10088,ml_training,39232,1000
10088,ml_training,39232,1000
10088,ml_training,39232,1000
10088,ml_training,39232,1000
10088,ml_training,39232,1000
10088,ml_training,39232,1000
10088,ml_training,39232,1000
10088,ml_training,39232,1000